Indicator,Type
https://wv4vagrhyh34g0cbp6dvh6dd0vuy4mumq8yk6.lighthouserealestateinvestmentgroup.com/WSk67HCO1J,Url
http://ighnjnueuelll.top/1.php?s=mints13,Url
http://gajaechkfhfghal.top/crzx4ovu3nhtr.php,Url
https://wv4vagrhyh34g0cbp6dvh6dd0vuy4mumq8yk6.lighthouserealestateinvestmentgroup.com/WSk67HCO1J,Url
http://bfhdkgmmhdbikgj.top/m3yq5re71lhtr.php,Url
http://ighnjnueuelll.top/1.php?s=mints13,Url
http://gajaechkfhfghal.top/crzx4ovu3nhtr.php,Url
http://ghecbjcmdfghfkg.top/,Url
http://nzy3tvbb72g3.top/1.php?s=mints13,Url
http://fnnkcnemajnnaja.top/,Url
206.188.196.219,ip
45.61.136.48,ip
45.61.136.138,ip
45.61.136.166,ip
168.100.10.198,ip
168.100.9.7,ip
67.217.228.118,ip
5.161.229.58,ip
192.169.6.44,ip
193.29.59.200,ip
178.156.128.182,ip
193.29.59.154,ip
64.52.80.100,ip
64.52.80.74,ip
45.61.136.108,ip
64.52.80.52,ip
67.217.228.219,ip
64.52.80.211,ip
104.238.61.242,ip
23.145.80.210,ip
23.145.80.220,ip
67.217.228.203,ip
64.190.113.155,ip
5.161.234.18,ip
67.217.228.186,ip
104.238.61.8,ip
193.29.58.128,ip
96.30.196.249,ip
168.100.9.246,ip
162.33.179.204,ip
216.245.184.105,ip
206.188.196.28,ip
168.100.10.239,ip
65.20.102.210,ip
45.61.136.138,ip
45.61.136.48,ip
168.100.9.7,ip
89.116.229.242,ip
145.223.100.233,ip
46.202.173.222,ip
109.123.234.112,ip
82.197.68.204,ip
46.250.225.219,ip
85.187.142.80,ip
15.197.172.60,ip
131.153.147.90,ip
46.250.231.75,ip
199.59.243.228,ip
217.15.166.48,ip
206.188.196.219,ip
145.223.83.123,ip
147.93.56.236,ip
82.112.253.219,ip
londhall.com,Domain
maisonreinzo.com,Domain
libcodes.com,Domain
losangelesrecoverycenter.com,Domain
mamabambam.com,Domain
ajiejaigbagfkha.top,Domain
lilikoibakehouse.com,Domain
lugomirski.com,Domain
livingolive.com,Domain
likeycomparte.com,Domain
luminarybooking.com,Domain
madeinturkistan.com,Domain
makethedjlookgood.com,Domain
loborika.com,Domain
libadah.com,Domain
lohaluna.com,Domain
livefrombeyond.com,Domain
maitecc.com,Domain
linhlongcity.com,Domain
londoncourant.com,Domain
liquidacions.com,Domain
lovesnextmeeting.com,Domain
lifestyleunfiltered.com,Domain
luminacreate.com,Domain
maakview.com,Domain
locksleyarchery.com,Domain
maemark.com,Domain
localdoormart.com,Domain
magicgaragedoorsma.com,Domain
maddoxnsilva.com,Domain
lifesafetyconnection.com,Domain
madinathadiza.com,Domain
lindadesollaprice.com,Domain
localgeomedia.com,Domain
lucalvry.com,Domain
lockreport.com,Domain
livgreatgivelocal.com,Domain
magicsoulciety.com,Domain
luxuryboatsrental.com,Domain
madewithprecision.com,Domain
lookitop.com,Domain
lincolncounsel.com,Domain
luxuryhomeslisting.com,Domain
locallastmile.com,Domain
lovelyjojo.com,Domain
makemoneyonlinefromanywhere.com,Domain
llqualityproducts.com,Domain
loanolicious.com,Domain
littlehillpodcast.com,Domain
gajaechkfhfghal.top,Domain
ligaciclismove.com,Domain
livewellmedpeds.com,Domain
makemoreadschallenge.com,Domain
ighnjnueuelll.top,Domain
makegeargreatagain.com,Domain
llmwhitepaper.com,Domain
luxuryhotelsindia.com,Domain
localbizjournal.com,Domain
luckyf68.com,Domain
lures4u.com,Domain
lwagpod.com,Domain
madeincaribbean.com,Domain
localfarmhands.com,Domain
lovabot.com,Domain
makinarabia.com,Domain
livingwifcovid.com,Domain
lifestyleleftovers.com,Domain
luckydirect.com,Domain
mag-mount.com,Domain
mag12v.com,Domain
limsrep.com,Domain
lozasmokiwater.com,Domain
madebylukas.com,Domain
lumicfish.com,Domain
lushspacare.com,Domain
magnifiqueetjolie.com,Domain
kcehmenjdibnmni.top,Domain
machuma.com,Domain
libertyvilleilfirst.com,Domain
lovetomarch.com,Domain
madebyhunters.com,Domain
magiclanternprints.com,Domain
luongycutuan.com,Domain
longtailhashtags.com,Domain
link4905.com,Domain
luxuryhotelsmonaco.com,Domain
mallorquinhouses.com,Domain
malattire.com,Domain
life-ar.com,Domain
loverevisited.com,Domain
m0ment0.com,Domain
localsiteai.com,Domain
lionintweed.com,Domain
longcovidpeer.com,Domain
lightcolorlive.com,Domain
macrosecrets.com,Domain
livbr.com,Domain
liquiddome.com,Domain
lilgreenheart.com,Domain
libmcrx.com,Domain
light4consulting.com,Domain
loverbrandapparel.com,Domain
lflorek.com,Domain
maguslod.com,Domain
majobsnearme.com,Domain
livingyourvisionnow.com,Domain
magcovermaker.com,Domain
love-bed.com,Domain
liquidfinishes.com,Domain
loginshow.com,Domain
lifeofclean.com,Domain
lucasclarkel.com,Domain
luxurylivestyle.com,Domain
longevityvo2max.com,Domain
loujor.com,Domain
localidealist.com,Domain
bfhdkgmmhdbikgj.top,Domain
iblaehgffmflamn.top,Domain
llmedium.com,Domain
madresconectadas.com,Domain
lingualuminis.com,Domain
lithiumpulse.com,Domain
litomusicstore.com,Domain
jjdgdeffjimfgne.top,Domain
louisvillehipkneeinstitute.com,Domain
luckytencasino.com,Domain
lugochan.com,Domain
londoninstituteuk.com,Domain
luke418business.com,Domain
lulareviews.com,Domain
liverpoolmercury.com,Domain
maiertim.com,Domain
loans-advisor.com,Domain
littlehoneyshawaii.com,Domain
lmbtrack.com,Domain
lhmpud.com,Domain
littlejohndaly.com,Domain
localhearing.com,Domain
lucindabakkenwhite.com,Domain
lighthouserealestateinvestmentgroup.com,Domain
lumixbooks.com,Domain
liveoutlets.com,Domain
lewisblackman.com,Domain
mallorybarnes.com,Domain
localseoknowhow.com,Domain
maguspiano.com,Domain
lwc-wine.com,Domain
louisvillekneehipinstitute.com,Domain
luxoillubricants.com,Domain
luminakinetics.com,Domain
magic-of-making-up-course.com,Domain
littlemainecabin.com,Domain
majesticheightsfarms.com,Domain
madeinwoodside.com,Domain
mainailsupply.com,Domain
theroyalresonance.com,Domain
thetriviaproject.com,Domain
travelonmymind.com,Domain
treasuredcrown.com,Domain
tipsaplastics.com,Domain
tiendabarmesa.com,Domain
themachinerybuyers.com,Domain
mdinjlkfcajkjck.top,Domain
tiendabombasbarnes.com,Domain
timbreblocks.com,Domain
thenootropicsguide.com,Domain
thesacredpathschool.com,Domain
thosegentlemen.com,Domain
thumbmarket.com,Domain
topbitcoinideas.com,Domain
topcommercialbrokers.com,Domain
thinkmovefeelwell.com,Domain
tradeskillpro.com,Domain
thethailandtravelhub.com,Domain
therollingsquare.com,Domain
thetortemk.com,Domain
thepolymathicshaman.com,Domain
theserpentschoice.com,Domain
topfunsports.com,Domain
tk9frenchies.com,Domain
theplantedguide.com,Domain
trapthekiller.com,Domain
timothynew.com,Domain
thepikeman.com,Domain
thepranichealing.com,Domain
tradespaceapp.com,Domain
therapeuticpsychology.com,Domain
tradercompare.com,Domain
towerhosts.com,Domain
timchapmanforfairfax.com,Domain
tk-9.com,Domain
topdeckshirts.com,Domain
thereadingandwritingtutor.com,Domain
thisisdlsmade.com,Domain
tokointernet.com,Domain
theparentpager.com,Domain
theprosaist.com,Domain
tinytreasuredkeepsakes.com,Domain
thetransformationalgrowthacademy.com,Domain
transgenderlockerroomaccess.com,Domain
timeforstudio.com,Domain
trailsofintrigue.com,Domain
timothyridgefarm.com,Domain
tinkerandtwig.com,Domain
therisereign.com,Domain
toocleandetails.com,Domain
themagicofplace.com,Domain
thisindiecreator.com,Domain
travelseverywhere.com,Domain
treeservicelapeermi.com,Domain
thesolarsheet.com,Domain
trainedbuyer.com,Domain
midhkalfmddcece.top,Domain
theollivander.com,Domain
thessalonikiairporttaxi.com,Domain
tngiants.com,Domain
thevitaminscompany.com,Domain
toyland-planet.com,Domain
tiggy123.com,Domain
trankvila.com,Domain
thinkthegift.com,Domain
trillionserver.com,Domain
transcriptsearcher.com,Domain
nzy3tvbb72g3.top,Domain
time4showgt.com,Domain
travelingveteran.com,Domain
tonysschlockfest.com,Domain
theylleatforever.com,Domain
trackmytow.com,Domain
torah4today.com,Domain
thrivefulness.com,Domain
topvideoslotscasino.com,Domain
trinitazcap.com,Domain
triviasuperxtra.com,Domain
traphousegolf.com,Domain
treadpoint.com,Domain
thepoochery.com,Domain
tofa7a.com,Domain
thenoushkashow.com,Domain
tracyslatton.com,Domain
trendykala.com,Domain
theopulentgems.com,Domain
thinkpublishers.com,Domain
thernrco.com,Domain
toptravelflights.com,Domain
thisisrandiimas.com,Domain
trappseptic.com,Domain
tomotupedido.com,Domain
theplaybackband.com,Domain
travelinparis.com,Domain
travelmotivate.com,Domain
thelovelysarahnichole.com,Domain
tmkeenlogistics.com,Domain
traveledcity.com,Domain
threat-expert.com,Domain
timecapitalbitbank.com,Domain
tntwocfo.com,Domain
triggertrader.com,Domain
topdiscountedproducts.com,Domain
themfaagency.com,Domain
traversecityirrigation.com,Domain
tonicunningham.com,Domain
theseniorshow.com,Domain
torontosegwayrentals.com,Domain
thewildnotions.com,Domain
travelzgo.com,Domain
thezealotbusinessagency.com,Domain
tommykhoa.com,Domain
the-tuning-workshop-dealerzone.com,Domain
themakeitstore.com,Domain
thoughtblob.com,Domain
trackedpackage.com,Domain
thesnowbee.com,Domain
trinesoulrenewal.com,Domain
theslightlyfaded.com,Domain
todayybigbazzarr.com,Domain
thepluggedinmusician.com,Domain
tiktauli.com,Domain
tirionnetbw.com,Domain
theouttedshaman.com,Domain
theshopsnearme.com,Domain
thevapeexpress.com,Domain
tqrecords.com,Domain
ehjdilgfljdimkg.top,Domain
thelittlebigempire.com,Domain
ajiejaigbagfkha.top,Domain
tigereyegraphics.com,Domain
tmeador.com,Domain
thinkmagicmedia.com,Domain
translatinotranslation.com,Domain
titanzinterior.com,Domain
tourismheroawards.com,Domain
three-mongos.com,Domain
thenarcissismnetwork.com,Domain
tlcmmwave.com,Domain
thuanart.com,Domain
theproversation.com,Domain
fnnkcnemajnnaja.top,Domain
trendingbabz.com,Domain
trackercardz.com,Domain
tonireilly.com,Domain
theprojectboxboard.com,Domain
thepernateamannarbor.com,Domain
tokmanni-finland.com,Domain
totaltechnyc.com,Domain
trailblazerwheels.com,Domain
ghecbjcmdfghfkg.top,Domain
traveltransformslives.com,Domain
